{
  "warnings": [
    {
      "file": "/Users/runner/work/1/s/AppCenter-SDK-Apple/iOS/AppCenterDistribute.framework/Headers/MSACDistribute.h",
      "line": 24,
      "symbol": "MSACUpdateAction",
      "symbol_kind": "sourcekitten.source.lang.objc.decl.enum",
      "warning": "undocumented"
    },
    {
      "file": "/Users/runner/work/1/s/AppCenter-SDK-Apple/iOS/AppCenterDistribute.framework/Headers/MSACDistribute.h",
      "line": 24,
      "symbol": "MSACUpdateAction",
      "symbol_kind": "sourcekitten.source.lang.objc.decl.typedef",
      "warning": "undocumented"
    },
    {
      "file": "/Users/runner/work/1/s/AppCenter-SDK-Apple/iOS/AppCenterDistribute.framework/Headers/MSACDistribute.h",
      "line": 37,
      "symbol": "MSACUpdateTrack",
      "symbol_kind": "sourcekitten.source.lang.objc.decl.enum",
      "warning": "undocumented"
    },
    {
      "file": "/Users/runner/work/1/s/AppCenter-SDK-Apple/iOS/AppCenterDistribute.framework/Headers/MSACDistribute.h",
      "line": 37,
      "symbol": "MSACUpdateTrack",
      "symbol_kind": "sourcekitten.source.lang.objc.decl.typedef",
      "warning": "undocumented"
    },
    {
      "file": "/Users/runner/work/1/s/AppCenter-SDK-Apple/iOS/AppCenterDistribute.framework/Headers/MSACDistributeDelegate.h",
      "line": 17,
      "symbol": "MSACDistributeDelegate",
      "symbol_kind": "sourcekitten.source.lang.objc.decl.protocol",
      "warning": "undocumented"
    }
  ],
  "source_directory": "/Users/runner/work/1/s/AppCenterDistribute"
}