{
  "warnings": [
    {
      "file": "/Users/runner/work/1/s/AppCenter-SDK-Apple/tvOS/AppCenter.framework/Headers/MSACAbstractLog.h",
      "line": 10,
      "symbol": "MSACAbstractLog",
      "symbol_kind": "sourcekitten.source.lang.objc.decl.class",
      "warning": "undocumented"
    },
    {
      "file": "/Users/runner/work/1/s/AppCenter-SDK-Apple/tvOS/AppCenter.framework/Headers/MSACSerializableObject.h",
      "line": 9,
      "symbol": "MSACSerializableObject",
      "symbol_kind": "sourcekitten.source.lang.objc.decl.protocol",
      "warning": "undocumented"
    },
    {
      "file": "/Users/runner/work/1/s/AppCenter-SDK-Apple/tvOS/AppCenterCrashes.framework/Headers/MSACCrashes.h",
      "line": 72,
      "symbol": "MSACCrashes",
      "symbol_kind": "sourcekitten.source.lang.objc.decl.class",
      "warning": "undocumented"
    },
    {
      "file": "/Users/runner/work/1/s/AppCenter-SDK-Apple/tvOS/AppCenterCrashes.framework/Headers/MSACCrashesDelegate.h",
      "line": 13,
      "symbol": "MSACCrashesDelegate",
      "symbol_kind": "sourcekitten.source.lang.objc.decl.protocol",
      "warning": "undocumented"
    },
    {
      "file": "/Users/runner/work/1/s/AppCenter-SDK-Apple/tvOS/AppCenterCrashes.framework/Headers/MSACErrorAttachmentLog+Utility.h",
      "line": 11,
      "symbol": "MSACMSACErrorLogAttachmentLogUtilityCategory",
      "symbol_kind": "sourcekitten.source.lang.objc.decl.constant",
      "warning": "undocumented"
    },
    {
      "file": "/Users/runner/work/1/s/AppCenter-SDK-Apple/tvOS/AppCenterCrashes.framework/Headers/MSACErrorAttachmentLog+Utility.h",
      "line": 13,
      "symbol": "MSACErrorAttachmentLog(Utility)",
      "symbol_kind": "sourcekitten.source.lang.objc.decl.category",
      "warning": "undocumented"
    },
    {
      "file": "/Users/runner/work/1/s/AppCenter-SDK-Apple/tvOS/AppCenterCrashes.framework/Headers/MSACErrorReport.h",
      "line": 9,
      "symbol": "MSACErrorReport",
      "symbol_kind": "sourcekitten.source.lang.objc.decl.class",
      "warning": "undocumented"
    },
    {
      "file": "/Users/runner/work/1/s/AppCenter-SDK-Apple/tvOS/AppCenterCrashes.framework/Headers/MSACExceptionModel.h",
      "line": 18,
      "symbol": "MSACExceptionModel",
      "symbol_kind": "sourcekitten.source.lang.objc.decl.class",
      "warning": "undocumented"
    },
    {
      "file": "/Users/runner/work/1/s/AppCenter-SDK-Apple/tvOS/AppCenterCrashes.framework/Headers/MSACStackFrame.h",
      "line": 12,
      "symbol": "MSACStackFrame",
      "symbol_kind": "sourcekitten.source.lang.objc.decl.class",
      "warning": "undocumented"
    },
    {
      "file": "/Users/runner/work/1/s/AppCenter-SDK-Apple/tvOS/AppCenterCrashes.framework/Headers/MSACWrapperExceptionModel.h",
      "line": 23,
      "symbol": "MSACWrapperExceptionModel",
      "symbol_kind": "sourcekitten.source.lang.objc.decl.class",
      "warning": "undocumented"
    }
  ],
  "source_directory": "/Users/runner/work/1/s/AppCenterCrashes"
}